timezone,temp,humidity,description
2025-02-19 06:07:53,0.76,29,clear sky
2025-02-19 06:08:31,-0.13,18,clear sky
2025-02-19 06:41:53,1.76,25,clear sky
2025-02-19 06:51:46,1.76,25,clear sky
2025-02-19 07:26:11,-0.42,18,clear sky
2025-02-19 07:38:53,0.76,25,clear sky
2025-02-19 07:49:06,0.76,25,clear sky
2025-02-19 07:58:49,0.76,25,clear sky
2025-02-19 08:40:53,0.76,29,clear sky
2025-02-19 08:52:02,0.76,29,clear sky
2025-02-19 09:30:37,-1.24,29,clear sky
2025-02-19 09:41:43,-1.24,29,clear sky
2025-02-19 09:51:29,-1.24,29,clear sky
2025-02-19 10:38:00,-3.24,39,clear sky
2025-02-19 10:48:16,-3.24,39,clear sky
2025-02-19 10:57:59,-3.24,39,clear sky
2025-02-19 11:24:12,-3.24,43,clear sky
2025-02-19 11:37:19,-3.24,43,clear sky
2025-02-19 11:47:15,-3.24,43,clear sky
2025-02-19 11:57:12,-3.24,43,clear sky
2025-02-19 13:03:00,-4.24,50,clear sky
2025-02-19 13:35:46,-5.24,50,clear sky
2025-02-19 13:45:43,-5.24,50,clear sky
2025-02-19 13:55:41,-5.24,50,clear sky
2025-02-19 14:36:38,-5.24,54,clear sky
2025-02-19 14:46:24,-5.24,54,clear sky
2025-02-19 14:56:30,-5.24,54,clear sky
2025-02-19 15:32:18,-6.24,58,clear sky
2025-02-19 15:42:07,-6.24,58,clear sky
2025-02-19 15:52:24,-6.24,58,clear sky
2025-02-19 16:40:47,-6.24,58,clear sky
2025-02-19 16:52:30,-6.24,58,clear sky
2025-02-19 17:30:55,-8.24,62,clear sky
2025-02-19 17:41:31,-8.24,62,clear sky
2025-02-19 17:51:56,-8.24,62,clear sky
2025-02-19 18:41:19,-8.24,67,clear sky
2025-02-19 18:51:33,-8.24,67,clear sky
2025-02-19 19:19:22,-3.86,41,clear sky
2025-02-19 19:29:10,-9.24,73,clear sky
2025-02-19 19:39:15,-9.24,73,clear sky
2025-02-19 19:49:30,-9.24,73,clear sky
2025-02-19 19:59:37,-9.24,73,clear sky
2025-02-19 20:31:58,-10.24,85,clear sky
2025-02-19 20:42:12,-10.24,85,clear sky
2025-02-19 20:52:22,-10.24,85,clear sky
2025-02-19 21:25:22,-10.24,85,clear sky
2025-02-19 21:38:15,-10.24,85,clear sky
2025-02-19 21:48:38,-10.24,85,clear sky
2025-02-19 21:58:40,-10.24,85,clear sky
2025-02-19 22:31:22,-8.24,73,clear sky
2025-02-19 22:41:29,-8.24,73,clear sky
2025-02-19 22:51:45,-8.24,73,clear sky
2025-02-19 23:25:59,-7.24,73,clear sky
2025-02-19 23:39:48,-7.24,73,clear sky
2025-02-19 23:49:55,-7.24,73,clear sky
2025-02-19 23:59:45,-7.24,73,clear sky
2025-02-20 02:54:20,-0.24,32,clear sky
2025-02-20 03:38:59,0.76,29,clear sky
2025-02-20 03:49:03,0.76,29,clear sky
2025-02-20 03:59:07,0.76,29,clear sky
2025-02-20 04:37:34,0.76,29,clear sky
2025-02-20 04:47:46,0.76,29,clear sky
2025-02-20 04:57:34,0.76,29,clear sky
2025-02-20 05:33:37,1.76,27,clear sky
2025-02-20 05:43:30,1.76,27,clear sky
2025-02-20 05:53:14,1.76,27,clear sky
2025-02-20 06:41:52,1.76,27,clear sky
2025-02-20 06:51:37,1.76,27,clear sky
2025-02-20 07:25:37,1.76,27,clear sky
2025-02-20 07:38:01,1.76,27,clear sky
2025-02-20 07:48:02,1.76,27,clear sky
2025-02-20 07:58:11,1.76,27,clear sky
2025-02-20 08:40:29,0.76,23,clear sky
2025-02-20 08:50:56,0.76,23,clear sky
2025-02-20 09:30:08,-1.24,29,clear sky
2025-02-20 09:42:03,-1.24,29,clear sky
2025-02-20 09:52:13,-1.24,29,clear sky
2025-02-20 10:38:33,-2.24,34,clear sky
2025-02-20 10:48:34,-2.24,34,clear sky
2025-02-20 10:58:17,-2.24,34,clear sky
2025-02-20 11:24:30,-3.24,36,clear sky
2025-02-20 11:37:32,-3.24,36,clear sky
2025-02-20 11:47:44,-3.24,36,clear sky
2025-02-20 11:57:31,-3.24,36,clear sky
2025-02-20 13:04:48,-4.24,39,clear sky
2025-02-20 13:37:58,-5.24,50,clear sky
2025-02-20 13:48:12,-5.24,50,clear sky
2025-02-20 13:58:23,-5.24,50,clear sky
2025-02-20 14:37:27,-5.24,54,clear sky
2025-02-20 14:47:25,-5.24,54,clear sky
2025-02-20 14:57:18,-5.24,54,clear sky
2025-02-20 15:34:56,-6.24,58,clear sky
2025-02-20 15:44:55,-6.24,58,clear sky
2025-02-20 15:55:14,-6.24,58,clear sky
2025-02-20 16:44:16,-7.24,63,clear sky
2025-02-20 16:55:33,-7.24,63,clear sky
2025-02-20 17:29:27,-6.24,63,clear sky
2025-02-20 17:41:21,-6.24,63,clear sky
2025-02-20 17:51:23,-6.24,63,clear sky
2025-02-20 18:41:17,-7.24,63,clear sky
2025-02-20 18:51:03,-7.24,63,clear sky
2025-02-20 19:20:53,-4.01,42,clear sky
2025-02-20 21:26:02,-10.24,79,clear sky
2025-02-20 21:37:35,-10.24,79,clear sky
2025-02-20 21:47:33,-10.24,79,clear sky
2025-02-20 21:57:42,-10.24,79,clear sky
2025-02-20 22:33:40,-10.24,85,clear sky
2025-02-20 22:43:22,-10.24,85,clear sky
2025-02-20 22:53:14,-10.24,85,clear sky
2025-02-20 23:28:19,-7.24,73,clear sky
2025-02-20 23:39:43,-7.24,73,clear sky
2025-02-20 23:49:37,-7.24,73,clear sky
2025-02-20 23:59:35,-7.24,73,clear sky
2025-02-21 02:55:10,-0.24,32,clear sky
2025-02-21 03:38:02,0.76,32,clear sky
2025-02-21 03:48:03,0.76,32,clear sky
2025-02-21 03:58:02,0.76,32,clear sky
2025-02-21 04:41:52,0.76,32,clear sky
2025-02-21 04:52:04,0.76,32,clear sky
2025-02-21 05:31:54,0.76,32,clear sky
2025-02-21 05:41:53,0.76,32,clear sky
2025-02-21 05:52:11,0.76,32,clear sky
2025-02-21 06:41:37,0.76,37,clear sky
2025-02-21 06:51:33,0.76,37,clear sky
2025-02-21 07:25:56,0.76,40,clear sky
2025-02-21 07:37:26,0.76,40,clear sky
2025-02-21 07:47:32,0.76,40,clear sky
2025-02-21 07:57:22,0.76,40,clear sky
2025-02-21 08:38:16,1.76,30,clear sky
2025-02-21 08:49:19,1.76,30,clear sky
2025-02-21 08:59:21,1.76,30,clear sky
2025-02-21 09:30:55,-0.24,27,clear sky
2025-02-21 09:41:01,-0.24,27,clear sky
2025-02-21 09:51:16,-0.24,27,clear sky
2025-02-21 10:37:09,-2.24,37,clear sky
2025-02-21 10:47:10,-2.24,37,clear sky
2025-02-21 10:57:16,-2.24,37,clear sky
2025-02-21 11:25:52,-2.15,33,clear sky
2025-02-21 11:38:05,-2.24,40,clear sky
2025-02-21 11:47:51,-2.24,40,clear sky
2025-02-21 11:57:42,-2.24,40,clear sky
2025-02-21 13:03:55,-3.24,46,clear sky
2025-02-21 13:32:00,-4.24,50,clear sky
2025-02-21 13:42:10,-4.24,50,clear sky
2025-02-21 13:52:08,-4.24,50,clear sky
2025-02-21 14:31:45,-4.24,50,clear sky
2025-02-21 14:42:48,-4.24,50,clear sky
2025-02-21 14:52:44,-4.24,50,clear sky
2025-02-21 15:30:33,-4.24,54,clear sky
2025-02-21 15:41:46,-4.24,54,clear sky
2025-02-21 15:51:56,-4.24,54,clear sky
2025-02-21 16:39:10,-5.24,58,clear sky
2025-02-21 16:49:18,-5.24,58,clear sky
2025-02-21 16:59:17,-5.24,58,clear sky
2025-02-21 17:28:16,-5.24,63,clear sky
2025-02-21 17:39:18,-5.24,63,clear sky
2025-02-21 17:49:35,-5.24,63,clear sky
2025-02-21 17:59:26,-5.24,63,clear sky
2025-02-21 18:42:30,-6.24,73,clear sky
2025-02-21 18:52:18,-6.24,73,clear sky
2025-02-21 19:20:14,-4,38,clear sky
2025-02-21 19:30:11,-7.24,73,clear sky
2025-02-21 19:39:57,-7.24,73,clear sky
2025-02-21 19:49:48,-7.24,73,clear sky
2025-02-21 19:59:32,-7.24,73,clear sky
2025-02-21 20:30:58,-8.24,86,clear sky
2025-02-21 20:42:20,-8.24,86,clear sky
2025-02-21 20:52:10,-8.24,86,clear sky
2025-02-21 21:22:38,-7.24,73,clear sky
2025-02-21 21:35:43,-7.24,73,clear sky
2025-02-21 21:45:53,-7.24,73,clear sky
2025-02-21 21:55:36,-7.24,73,clear sky
2025-02-21 22:32:37,-7.24,79,clear sky
2025-02-21 22:42:31,-7.24,79,clear sky
2025-02-21 22:52:37,-7.24,79,clear sky
2025-02-21 23:26:59,-4.52,41,clear sky
2025-02-21 23:39:34,-6.24,73,clear sky
2025-02-21 23:49:31,-6.24,73,clear sky
2025-02-21 23:59:17,-6.24,73,clear sky
2025-02-22 02:39:50,-0.24,34,clear sky
2025-02-22 03:31:06,0.76,34,clear sky
2025-02-22 03:42:15,0.76,34,clear sky
2025-02-22 03:51:56,0.76,34,clear sky
2025-02-22 04:38:09,1.76,32,clear sky
2025-02-22 04:48:18,1.76,32,clear sky
2025-02-22 04:58:00,1.76,32,clear sky
2025-02-22 05:31:21,0.76,34,clear sky
2025-02-22 05:41:09,0.76,34,clear sky
2025-02-22 05:51:27,0.76,34,clear sky
2025-02-22 06:42:10,0.76,37,clear sky
2025-02-22 06:52:02,0.76,37,clear sky
2025-02-22 07:22:28,-0.02,28,clear sky
2025-02-22 07:35:51,0.76,37,clear sky
2025-02-22 07:46:02,0.76,37,clear sky
2025-02-22 07:55:57,0.76,37,clear sky
2025-02-22 08:33:05,0.76,37,clear sky
2025-02-22 08:44:29,0.76,37,clear sky
2025-02-22 08:54:33,0.76,37,clear sky
2025-02-22 09:27:09,-0.49,28,clear sky
2025-02-22 09:37:30,-1.24,47,clear sky
2025-02-22 09:47:45,-1.24,47,clear sky
2025-02-22 09:57:37,-1.24,47,clear sky
2025-02-22 10:38:28,-1.24,51,clear sky
2025-02-22 10:48:23,-1.24,51,clear sky
2025-02-22 10:58:18,-1.24,51,clear sky
2025-02-22 11:20:59,-2.26,34,clear sky
2025-02-22 11:33:07,-2.24,37,clear sky
2025-02-22 11:42:59,-2.24,37,clear sky
2025-02-22 11:52:48,-2.24,37,clear sky
2025-02-22 12:57:04,-4.24,42,clear sky
2025-02-22 13:28:38,-5.24,46,clear sky
2025-02-22 13:38:46,-5.24,46,clear sky
2025-02-22 13:48:30,-5.24,46,clear sky
2025-02-22 13:58:24,-5.24,46,clear sky
2025-02-22 14:30:15,-5.24,50,clear sky
2025-02-22 14:40:14,-5.24,50,clear sky
2025-02-22 14:49:58,-5.24,50,clear sky
2025-02-22 14:59:42,-5.24,50,clear sky
2025-02-22 15:28:20,-6.24,53,clear sky
2025-02-22 15:38:32,-6.24,53,clear sky
2025-02-22 15:48:21,-6.24,53,clear sky
2025-02-22 15:58:24,-6.24,53,clear sky
2025-02-22 16:36:47,-6.24,58,clear sky
2025-02-22 16:46:59,-6.24,58,clear sky
2025-02-22 16:56:44,-6.24,58,clear sky
2025-02-22 17:30:31,-8.24,62,clear sky
2025-02-22 17:40:30,-8.24,62,clear sky
2025-02-22 17:50:14,-8.24,62,clear sky
2025-02-22 18:00:01,-8.24,62,clear sky
2025-02-22 18:38:19,-7.24,58,clear sky
2025-02-22 18:48:32,-7.24,58,clear sky
2025-02-22 18:58:24,-7.24,58,clear sky
2025-02-22 19:20:30,-4.19,39,clear sky
2025-02-22 19:30:13,-9.24,67,clear sky
2025-02-22 19:40:13,-9.24,67,clear sky
2025-02-22 19:50:22,-9.24,67,clear sky
2025-02-22 20:00:09,-9.24,67,clear sky
2025-02-22 20:28:54,-8.24,67,clear sky
2025-02-22 20:40:23,-8.24,67,clear sky
2025-02-22 20:50:17,-8.24,67,clear sky
2025-02-22 21:00:02,-8.24,67,clear sky
2025-02-22 21:26:23,-8.24,67,clear sky
2025-02-22 21:37:54,-8.24,67,clear sky
2025-02-22 21:47:53,-8.24,67,clear sky
2025-02-22 21:57:44,-8.24,67,clear sky
2025-02-22 22:30:59,-7.24,63,clear sky
2025-02-22 22:40:58,-7.24,63,clear sky
2025-02-22 22:51:17,-7.24,63,clear sky
2025-02-22 23:23:44,-5.24,58,clear sky
2025-02-22 23:37:03,-5.24,58,clear sky
2025-02-22 23:46:59,-5.24,58,clear sky
2025-02-22 23:56:45,-5.24,58,clear sky
2025-02-23 02:58:42,-1.24,37,clear sky
2025-02-23 03:39:35,-2.24,34,few clouds
2025-02-23 03:49:24,-2.24,34,few clouds
2025-02-23 03:59:10,-2.24,34,few clouds
2025-02-23 04:40:11,-0.24,32,few clouds
2025-02-23 04:49:48,-0.24,32,few clouds
2025-02-23 04:59:33,-0.24,32,few clouds
2025-02-23 05:32:11,-0.24,27,clear sky
2025-02-23 05:42:18,-0.24,27,clear sky
2025-02-23 05:52:12,-0.24,27,clear sky
2025-02-23 06:38:43,-0.24,29,clear sky
2025-02-23 06:48:28,-0.24,29,clear sky
2025-02-23 06:58:30,-0.24,29,clear sky
2025-02-23 07:25:47,-0.24,34,clear sky
2025-02-23 07:37:28,-0.24,34,clear sky
2025-02-23 07:47:36,-0.24,34,clear sky
2025-02-23 07:57:43,-0.24,34,clear sky
2025-02-23 08:34:57,-0.24,29,clear sky
2025-02-23 08:46:27,-0.24,29,clear sky
2025-02-23 08:56:07,-0.24,29,clear sky
2025-02-23 09:29:57,-2.24,34,clear sky
2025-02-23 09:41:16,-2.24,34,clear sky
2025-02-23 09:51:23,-2.24,34,clear sky
2025-02-23 10:33:36,-3.24,36,clear sky
2025-02-23 10:43:25,-3.24,36,clear sky
2025-02-23 10:53:13,-3.24,36,clear sky
2025-02-23 11:21:36,-4.24,42,clear sky
2025-02-23 11:39:13,-4.24,42,clear sky
2025-02-23 11:49:09,-4.24,42,clear sky
2025-02-23 11:59:09,-4.24,42,clear sky
2025-02-23 12:59:51,-5.24,50,clear sky
2025-02-23 13:29:13,-5.24,50,clear sky
2025-02-23 13:39:28,-5.24,50,clear sky
2025-02-23 13:49:36,-5.24,50,clear sky
2025-02-23 13:59:20,-5.24,50,clear sky
2025-02-23 14:31:16,-6.24,53,clear sky
2025-02-23 14:42:09,-6.24,53,clear sky
2025-02-23 14:52:06,-6.24,53,clear sky
2025-02-23 15:26:15,-6.24,53,clear sky
2025-02-23 15:39:58,-6.24,53,clear sky
2025-02-23 15:49:41,-6.24,53,clear sky
2025-02-23 15:59:35,-6.24,53,clear sky
2025-02-23 16:36:43,-6.24,58,clear sky
2025-02-23 16:46:41,-6.24,58,clear sky
2025-02-23 16:56:29,-6.24,58,clear sky
2025-02-23 17:27:55,-8.24,62,clear sky
2025-02-23 17:40:51,-8.24,62,clear sky
2025-02-23 17:50:35,-8.24,62,clear sky
2025-02-23 18:36:23,-8.24,67,clear sky
2025-02-23 18:46:34,-8.24,67,clear sky
2025-02-23 18:56:22,-8.24,67,clear sky
2025-02-23 19:19:16,-4,41,clear sky
2025-02-23 19:29:21,-4,41,clear sky
2025-02-23 19:39:09,-10.24,79,clear sky
2025-02-23 19:49:27,-10.24,79,clear sky
2025-02-23 19:59:10,-10.24,79,clear sky
2025-02-23 20:30:01,-10.24,73,clear sky
2025-02-23 20:41:27,-10.24,73,clear sky
2025-02-23 20:51:46,-10.24,73,clear sky
2025-02-23 21:25:24,-9.24,73,clear sky
2025-02-23 21:36:42,-9.24,73,clear sky
2025-02-23 21:46:29,-9.24,73,clear sky
2025-02-23 21:56:13,-9.24,73,clear sky
2025-02-23 22:31:39,-10.24,79,clear sky
2025-02-23 22:41:39,-10.24,79,clear sky
2025-02-23 22:51:49,-10.24,79,clear sky
2025-02-23 23:24:50,-7.24,68,clear sky
2025-02-23 23:38:12,-7.24,68,clear sky
2025-02-23 23:48:28,-7.24,68,clear sky
2025-02-23 23:58:37,-7.24,68,clear sky
2025-02-24 02:59:40,0.76,32,clear sky
2025-02-24 03:42:47,1.76,30,clear sky
2025-02-24 03:52:36,1.76,30,clear sky
2025-02-24 04:37:12,2.76,30,clear sky
2025-02-24 04:47:15,2.76,30,clear sky
2025-02-24 04:57:17,2.76,30,clear sky
2025-02-24 05:33:37,3.76,33,clear sky
2025-02-24 05:43:36,3.76,33,clear sky
2025-02-24 05:53:27,3.76,33,clear sky
2025-02-24 06:44:45,3.76,33,clear sky
2025-02-24 06:54:24,3.76,33,clear sky
2025-02-24 07:26:46,3.76,30,clear sky
2025-02-24 07:38:37,3.76,30,clear sky
2025-02-24 07:48:19,3.76,30,clear sky
2025-02-24 07:58:14,3.76,30,clear sky
2025-02-24 08:42:29,3.76,30,clear sky
2025-02-24 08:52:44,3.76,30,clear sky
2025-02-24 09:32:04,1.76,35,clear sky
2025-02-24 09:42:35,1.76,35,clear sky
2025-02-24 09:52:47,1.76,35,clear sky
2025-02-24 10:38:57,0.76,40,clear sky
2025-02-24 10:48:44,0.76,40,clear sky
2025-02-24 10:58:27,0.76,40,clear sky
2025-02-24 11:24:52,0.54,35,clear sky
2025-02-24 11:38:13,0.76,60,clear sky
2025-02-24 11:48:13,0.76,60,clear sky
2025-02-24 11:57:56,0.76,60,clear sky
2025-02-24 13:14:48,-0.09,41,clear sky
2025-02-24 13:41:37,-0.24,69,clear sky
2025-02-24 13:51:27,-0.24,69,clear sky
2025-02-24 14:36:32,-2.24,86,clear sky
2025-02-24 14:46:19,-2.24,86,clear sky
2025-02-24 14:56:02,-2.24,86,clear sky
2025-02-24 15:34:56,-5.24,93,clear sky
2025-02-24 15:45:00,-5.24,93,clear sky
2025-02-24 15:54:50,-5.24,93,clear sky
2025-02-24 16:45:23,-6.24,100,clear sky
2025-02-24 16:55:25,-6.24,100,clear sky
2025-02-24 17:29:58,-5.24,100,clear sky
2025-02-24 17:40:56,-5.24,100,clear sky
2025-02-24 17:51:02,-5.24,100,clear sky
2025-02-24 18:42:41,-7.24,93,clear sky
2025-02-24 18:52:49,-7.24,93,clear sky
2025-02-24 19:21:47,-6.24,93,clear sky
2025-02-24 19:37:01,-6.24,93,clear sky
2025-02-24 19:47:01,-6.24,93,clear sky
2025-02-24 19:56:55,-6.24,93,clear sky
2025-02-24 20:32:07,-7.24,100,clear sky
2025-02-24 20:43:18,-7.24,100,clear sky
2025-02-24 20:53:15,-7.24,100,clear sky
2025-02-24 21:26:11,-7.24,100,clear sky
2025-02-24 21:40:06,-7.24,100,clear sky
2025-02-24 21:50:17,-7.24,100,clear sky
2025-02-24 22:00:37,-7.24,100,clear sky
2025-02-24 22:35:13,-6.24,100,clear sky
2025-02-24 22:44:58,-6.24,100,clear sky
2025-02-24 22:54:46,-6.24,100,clear sky
2025-02-24 23:27:06,-0.53,66,scattered clouds
2025-02-24 23:39:19,-3.24,93,clear sky
2025-02-24 23:49:10,-3.24,93,clear sky
2025-02-24 23:58:54,-3.24,93,clear sky
2025-02-25 02:58:51,3.76,60,broken clouds
2025-02-25 03:41:52,5.76,52,broken clouds
2025-02-25 03:51:47,5.76,52,broken clouds
2025-02-25 04:36:28,4.76,56,broken clouds
2025-02-25 04:46:28,4.76,56,broken clouds
2025-02-25 04:56:15,4.76,56,broken clouds
2025-02-25 05:33:44,4.76,60,broken clouds
2025-02-25 05:43:48,4.76,60,broken clouds
2025-02-25 05:53:56,4.76,60,broken clouds
2025-02-25 06:43:07,4.76,65,broken clouds
2025-02-25 06:53:00,4.76,65,broken clouds
2025-02-25 07:27:15,5.76,61,broken clouds
2025-02-25 07:38:55,5.76,61,broken clouds
2025-02-25 07:48:45,5.76,61,broken clouds
2025-02-25 07:58:41,5.76,61,broken clouds
2025-02-25 08:41:00,4.76,65,broken clouds
2025-02-25 08:51:53,4.76,65,broken clouds
2025-02-25 09:31:18,4.76,70,broken clouds
2025-02-25 09:42:27,4.76,70,broken clouds
2025-02-25 09:52:39,4.76,70,broken clouds
2025-02-25 10:38:52,3.76,75,broken clouds
2025-02-25 10:48:45,3.76,75,broken clouds
2025-02-25 10:58:45,3.76,75,broken clouds
2025-02-25 11:25:55,3.76,75,broken clouds
2025-02-25 11:39:01,3.76,75,broken clouds
2025-02-25 11:49:01,3.76,75,broken clouds
2025-02-25 11:58:46,3.76,75,broken clouds
2025-02-25 13:14:48,2.67,84,clear sky
2025-02-25 13:41:21,1.76,93,scattered clouds
2025-02-25 13:51:14,1.76,93,scattered clouds
2025-02-25 14:37:50,1.76,93,scattered clouds
2025-02-25 14:47:54,1.76,93,scattered clouds
2025-02-25 14:57:50,1.76,93,scattered clouds
2025-02-25 15:35:20,2.76,93,scattered clouds
2025-02-25 15:45:24,2.76,93,scattered clouds
2025-02-25 15:55:31,2.76,93,scattered clouds
2025-02-25 16:44:36,2.76,93,mist
2025-02-25 16:54:43,2.76,93,mist
2025-02-25 17:37:11,2.76,100,mist
2025-02-25 17:47:11,2.76,100,mist
2025-02-25 17:56:59,2.76,100,mist
2025-02-25 18:45:16,2.76,100,mist
2025-02-25 18:55:02,2.76,100,mist
2025-02-25 19:22:39,1.76,100,mist
2025-02-25 19:36:52,1.76,100,mist
2025-02-25 19:47:00,1.76,100,mist
2025-02-25 19:56:45,1.76,100,mist
2025-02-25 20:32:26,-0.24,100,mist
2025-02-25 20:43:25,-0.24,100,mist
2025-02-25 20:53:16,-0.24,100,mist
2025-02-25 21:27:01,-1.24,93,fog
2025-02-25 21:41:08,-1.24,93,fog
2025-02-25 21:51:25,-1.24,93,fog
2025-02-25 22:33:11,-4.24,100,fog
2025-02-25 22:43:03,-4.24,100,fog
2025-02-25 22:53:15,-4.24,100,fog
2025-02-25 23:26:32,-2.24,93,fog
2025-02-25 23:39:24,-2.24,93,fog
2025-02-25 23:49:28,-2.24,93,fog
2025-02-25 23:59:23,-2.24,93,fog
2025-02-26 02:57:12,4.76,45,haze
2025-02-26 03:44:00,6.76,26,clear sky
2025-02-26 03:53:43,6.76,26,clear sky
2025-02-26 04:41:14,7.76,17,clear sky
2025-02-26 04:51:17,7.76,17,clear sky
2025-02-26 05:32:25,7.76,21,clear sky
2025-02-26 05:42:43,7.76,21,clear sky
2025-02-26 05:52:52,7.76,21,clear sky
2025-02-26 06:43:10,7.76,19,clear sky
2025-02-26 06:53:02,7.76,19,clear sky
2025-02-26 07:26:36,7.76,18,clear sky
2025-02-26 07:39:34,7.76,18,clear sky
2025-02-26 07:49:40,7.76,18,clear sky
2025-02-26 07:59:13,7.76,18,clear sky
2025-02-26 08:42:35,6.76,19,clear sky
2025-02-26 08:52:56,6.76,19,clear sky
2025-02-26 09:31:53,4.76,22,clear sky
2025-02-26 09:42:35,4.76,22,clear sky
2025-02-26 09:52:30,4.76,22,clear sky
2025-02-26 10:38:46,2.76,23,clear sky
2025-02-26 10:48:42,2.76,23,clear sky
2025-02-26 10:58:18,2.76,23,clear sky
2025-02-26 11:25:57,1.76,27,clear sky
2025-02-26 11:38:32,1.76,27,clear sky
2025-02-26 11:48:25,1.76,27,clear sky
2025-02-26 11:58:09,1.76,27,clear sky
2025-02-26 13:14:24,1.64,48,clear sky
2025-02-26 13:41:03,-0.24,40,clear sky
2025-02-26 13:51:10,-0.24,40,clear sky
2025-02-26 14:36:31,-1.24,51,clear sky
2025-02-26 14:46:33,-1.24,51,clear sky
2025-02-26 14:56:45,-1.24,51,clear sky
2025-02-26 15:37:25,-4.24,68,clear sky
2025-02-26 15:48:04,-4.24,68,clear sky
2025-02-26 15:57:52,-4.24,68,clear sky
2025-02-26 16:45:38,-4.24,74,clear sky
2025-02-26 16:55:47,-4.24,74,clear sky
2025-02-26 17:31:52,-5.24,63,clear sky
2025-02-26 17:41:49,-5.24,63,clear sky
2025-02-26 17:51:58,-5.24,63,clear sky
2025-02-26 18:42:25,0.05,55,clear sky
2025-02-26 18:52:36,0.05,55,clear sky
2025-02-26 19:21:35,0.15,57,clear sky
2025-02-26 19:36:58,0.07,56,clear sky
2025-02-26 19:47:14,0.07,56,clear sky
2025-02-26 19:57:07,0.07,56,clear sky
2025-02-26 20:31:59,-6.24,73,clear sky
2025-02-26 20:43:14,-6.24,73,clear sky
2025-02-26 20:53:16,-6.24,73,clear sky
2025-02-26 21:27:16,-6.24,79,clear sky
2025-02-26 21:39:24,-6.24,79,clear sky
2025-02-26 21:49:18,-6.24,79,clear sky
2025-02-26 21:59:12,-6.24,79,clear sky
2025-02-26 22:35:35,-6.24,86,clear sky
2025-02-26 22:45:26,-6.24,86,clear sky
2025-02-26 22:55:36,-6.24,86,clear sky
2025-02-26 23:30:38,-4.24,80,clear sky
2025-02-26 23:41:27,-4.24,80,clear sky
2025-02-26 23:51:35,-4.24,80,clear sky
2025-02-27 02:57:35,8.76,25,clear sky
2025-02-27 03:43:22,9.76,16,clear sky
2025-02-27 03:53:20,9.76,16,clear sky
2025-02-27 04:38:50,11.76,13,clear sky
2025-02-27 04:49:20,11.76,13,clear sky
2025-02-27 04:59:02,11.76,13,clear sky
2025-02-27 05:37:06,12.76,11,clear sky
2025-02-27 05:46:48,12.76,11,clear sky
2025-02-27 05:56:58,12.76,11,clear sky
2025-02-27 06:45:21,12.76,11,few clouds
2025-02-27 06:55:26,12.76,11,few clouds
2025-02-27 07:27:03,12.76,13,clear sky
2025-02-27 07:39:10,12.76,13,clear sky
2025-02-27 07:49:17,12.76,13,clear sky
2025-02-27 07:59:16,12.76,13,clear sky
2025-02-27 08:40:53,11.76,16,clear sky
2025-02-27 08:52:16,11.76,16,clear sky
2025-02-27 09:31:23,10.76,19,clear sky
2025-02-27 09:42:33,10.76,19,clear sky
2025-02-27 09:52:28,10.76,19,clear sky
2025-02-27 10:38:41,6.76,31,clear sky
2025-02-27 10:48:44,6.76,31,clear sky
2025-02-27 10:58:57,6.76,31,clear sky
2025-02-27 11:24:48,7.3,17,broken clouds
2025-02-27 11:38:23,2.76,41,clear sky
2025-02-27 11:48:38,2.76,41,clear sky
2025-02-27 11:58:29,2.76,41,clear sky
2025-02-27 13:15:32,5.92,17,overcast clouds
2025-02-27 13:41:46,-0.24,51,clear sky
2025-02-27 13:51:45,-0.24,51,clear sky
2025-02-27 14:36:28,-0.24,59,clear sky
2025-02-27 14:46:33,-0.24,59,clear sky
2025-02-27 14:56:36,-0.24,59,clear sky
2025-02-27 15:34:02,0.76,60,broken clouds
2025-02-27 15:44:18,0.76,60,broken clouds
2025-02-27 15:54:29,0.76,60,broken clouds
2025-02-27 16:44:36,-0.24,69,broken clouds
2025-02-27 16:54:16,-0.24,69,broken clouds
2025-02-27 17:32:20,0.76,75,broken clouds
2025-02-27 17:42:16,0.76,75,broken clouds
2025-02-27 17:52:36,0.76,75,broken clouds
2025-02-27 18:43:16,0.76,64,broken clouds
2025-02-27 18:53:10,0.76,64,broken clouds
2025-02-27 19:21:56,-0.24,64,scattered clouds
2025-02-27 19:36:54,-0.24,64,scattered clouds
2025-02-27 19:47:02,-0.24,64,scattered clouds
2025-02-27 19:56:55,-0.24,64,scattered clouds
2025-02-27 20:32:23,-0.24,69,broken clouds
2025-02-27 20:43:34,-0.24,69,broken clouds
2025-02-27 20:53:31,-0.24,69,broken clouds
2025-02-27 21:27:25,-0.24,80,broken clouds
2025-02-27 21:39:52,-0.24,80,broken clouds
2025-02-27 21:50:10,-0.24,80,broken clouds
2025-02-27 21:59:58,-0.24,80,broken clouds
2025-02-27 22:37:22,1.76,64,broken clouds
2025-02-27 22:47:28,1.76,64,broken clouds
2025-02-27 22:57:14,1.76,64,broken clouds
2025-02-27 23:28:41,1.76,75,broken clouds
2025-02-27 23:40:02,1.76,75,broken clouds
2025-02-27 23:49:43,1.76,75,broken clouds
2025-02-27 23:59:27,1.76,75,broken clouds
2025-02-28 02:59:23,9.76,40,broken clouds
2025-02-28 03:43:15,10.76,58,broken clouds
2025-02-28 03:53:15,10.76,58,broken clouds
2025-02-28 04:38:27,10.76,62,broken clouds
2025-02-28 04:48:44,10.76,62,broken clouds
2025-02-28 04:58:33,10.76,62,broken clouds
2025-02-28 05:37:13,10.76,62,broken clouds
2025-02-28 05:47:06,10.76,62,broken clouds
2025-02-28 05:56:56,10.76,62,broken clouds
2025-02-28 06:44:18,11.76,58,broken clouds
2025-02-28 06:54:05,11.76,58,broken clouds
2025-02-28 07:27:00,11.76,58,broken clouds
2025-02-28 07:38:33,11.76,58,broken clouds
2025-02-28 07:48:37,11.76,58,broken clouds
2025-02-28 07:58:37,11.76,58,broken clouds
2025-02-28 08:39:48,10.76,66,scattered clouds
2025-02-28 08:51:04,10.76,66,scattered clouds
2025-02-28 09:30:46,9.76,71,clear sky
2025-02-28 09:41:57,9.76,71,clear sky
2025-02-28 09:51:53,9.76,71,clear sky
2025-02-28 10:38:04,4.76,87,clear sky
2025-02-28 10:48:11,4.76,87,clear sky
2025-02-28 10:58:18,4.76,87,clear sky
2025-02-28 11:24:36,4.76,100,clear sky
2025-02-28 11:38:29,4.76,100,clear sky
2025-02-28 11:48:36,4.76,100,clear sky
2025-02-28 11:58:27,4.76,100,clear sky
2025-02-28 13:05:00,3.76,100,clear sky
2025-02-28 13:37:35,3.76,100,mist
2025-02-28 13:47:47,3.76,100,mist
2025-02-28 13:57:42,3.76,100,mist
2025-02-28 14:36:50,0.76,100,mist
2025-02-28 14:46:40,0.76,100,mist
2025-02-28 14:56:25,0.76,100,mist
2025-02-28 15:32:34,0.76,100,fog
2025-02-28 15:43:39,0.76,100,fog
2025-02-28 15:53:49,0.76,100,fog
2025-02-28 16:42:14,-1.24,100,fog
2025-02-28 16:52:06,-0.24,93,fog
2025-02-28 17:30:04,-0.24,100,fog
2025-02-28 17:40:45,-0.24,100,fog
2025-02-28 17:50:36,-0.24,100,fog
2025-02-28 18:41:59,-1.24,100,fog
2025-02-28 18:51:59,-1.24,100,fog
2025-02-28 19:23:02,-0.24,100,fog
2025-02-28 19:36:48,-0.24,100,fog
2025-02-28 19:46:45,-0.24,100,fog
2025-02-28 19:56:47,-0.24,100,fog
2025-02-28 20:32:30,-0.24,100,fog
2025-02-28 20:44:14,-0.24,100,fog
2025-02-28 20:54:24,-0.24,100,fog
2025-02-28 21:27:01,3.56,79,overcast clouds
2025-02-28 21:39:03,-1.24,100,fog
2025-02-28 21:49:32,-1.24,100,fog
2025-02-28 21:59:27,-1.24,100,fog
2025-02-28 22:35:33,-1.24,100,fog
2025-02-28 22:45:16,-0.24,100,fog
2025-02-28 22:55:01,-0.24,93,fog
2025-02-28 23:26:45,-0.24,100,fog
2025-02-28 23:39:23,-0.24,100,fog
2025-02-28 23:49:37,-0.24,100,fog
2025-02-28 23:59:45,-0.24,100,fog
2025-03-01 03:05:26,8.76,71,mist
2025-03-01 03:47:54,13.76,44,haze
2025-03-01 03:57:51,13.76,44,haze
2025-03-01 04:37:03,12.76,47,haze
2025-03-01 04:47:16,12.76,47,haze
2025-03-01 04:57:09,12.76,47,haze
2025-03-01 05:31:49,11.76,54,light rain
2025-03-01 05:41:47,11.76,54,moderate rain
2025-03-01 05:51:34,11.76,54,moderate rain
2025-03-01 06:41:06,10.76,82,moderate rain
2025-03-01 06:51:13,10.76,82,broken clouds
2025-03-01 07:24:50,11.76,66,overcast clouds
2025-03-01 07:36:21,11.76,66,haze
2025-03-01 07:46:39,11.76,66,haze
2025-03-01 07:56:19,11.76,66,haze
2025-03-01 08:37:19,11.76,62,haze
2025-03-01 08:48:25,11.76,62,haze
2025-03-01 08:58:28,11.76,62,haze
2025-03-01 09:29:28,10.76,71,overcast clouds
2025-03-01 09:39:51,10.76,71,haze
2025-03-01 09:49:52,10.76,71,haze
2025-03-01 09:59:38,10.76,71,haze
2025-03-01 10:35:07,9.76,76,broken clouds
2025-03-01 10:44:51,9.76,76,broken clouds
2025-03-01 10:55:04,9.76,76,broken clouds
2025-03-01 11:21:17,7.76,81,overcast clouds
2025-03-01 11:38:04,7.76,81,broken clouds
2025-03-01 11:48:04,7.76,81,broken clouds
2025-03-01 11:57:49,7.76,81,broken clouds
2025-03-01 13:00:10,5.76,100,mist
2025-03-01 13:30:37,6.76,93,mist
2025-03-01 13:40:27,6.76,93,mist
2025-03-01 13:50:30,6.76,93,mist
2025-03-01 14:00:35,6.76,93,mist
2025-03-01 14:32:11,6.76,87,mist
2025-03-01 14:42:15,6.76,87,mist
2025-03-01 14:52:13,6.76,87,mist
2025-03-01 15:29:52,3.76,100,mist
2025-03-01 15:40:49,3.76,100,mist
2025-03-01 15:50:58,3.76,100,mist
2025-03-01 16:36:10,3.76,100,mist
2025-03-01 16:46:13,3.76,100,mist
2025-03-01 16:56:16,3.76,100,mist
2025-03-01 17:28:04,6.77,56,broken clouds
2025-03-01 17:38:02,3.76,100,mist
2025-03-01 17:48:21,3.76,100,mist
2025-03-01 17:58:18,3.76,100,mist
2025-03-01 18:38:51,3.76,100,mist
2025-03-01 18:48:40,3.76,100,mist
2025-03-01 18:58:29,3.76,100,mist
2025-03-01 19:20:40,4.76,100,mist
2025-03-01 19:30:46,4.76,100,mist
2025-03-01 19:40:51,4.76,100,mist
2025-03-01 19:50:34,4.76,100,mist
2025-03-01 20:27:36,7.26,53,overcast clouds
2025-03-01 20:40:47,5.76,93,mist
2025-03-01 20:51:04,5.76,93,mist
2025-03-01 21:27:12,4.76,100,mist
2025-03-01 21:37:48,4.76,100,mist
2025-03-01 21:47:43,4.76,100,mist
2025-03-01 21:57:37,4.76,100,mist
2025-03-01 22:32:16,4.76,100,mist
2025-03-01 22:42:13,4.76,100,mist
2025-03-01 22:52:28,4.76,100,mist
2025-03-01 23:27:05,5.76,87,mist
2025-03-01 23:39:38,5.76,87,mist
2025-03-01 23:49:18,5.76,87,mist
2025-03-01 23:59:12,5.76,87,mist
2025-03-02 03:02:16,10.76,62,broken clouds
2025-03-02 03:44:14,12.76,54,broken clouds
2025-03-02 03:54:07,12.76,54,broken clouds
2025-03-02 04:34:38,14.76,41,clear sky
2025-03-02 04:44:59,14.76,41,clear sky
2025-03-02 04:54:46,14.76,41,clear sky
2025-03-02 05:33:24,8.99,45,overcast clouds
2025-03-02 05:43:19,13.76,41,clear sky
2025-03-02 05:53:27,13.76,41,clear sky
2025-03-02 06:40:28,13.76,35,moderate rain
2025-03-02 06:50:26,13.76,35,moderate rain
2025-03-02 07:00:14,13.76,35,moderate rain
2025-03-02 07:25:39,10.76,62,moderate rain
2025-03-02 07:37:05,10.76,62,moderate rain
2025-03-02 07:47:13,10.76,62,moderate rain
2025-03-02 07:56:58,10.76,62,moderate rain
2025-03-02 08:35:06,7.76,93,moderate rain
2025-03-02 08:45:20,7.76,93,moderate rain
2025-03-02 08:55:30,7.76,93,moderate rain
2025-03-02 09:29:42,6.76,100,heavy intensity rain
2025-03-02 09:41:14,6.76,100,moderate rain
2025-03-02 09:50:56,6.76,100,moderate rain
2025-03-02 10:33:16,5.76,93,moderate rain
2025-03-02 10:43:20,5.76,93,moderate rain
2025-03-02 10:53:22,5.76,93,moderate rain
2025-03-02 11:21:20,4.3,82,light rain
2025-03-02 11:35:23,4.76,93,moderate rain
2025-03-02 11:45:33,4.76,93,light rain
2025-03-02 11:55:36,4.76,93,moderate rain
2025-03-02 12:58:49,4.76,87,light rain
2025-03-02 13:30:25,3.2,78,moderate rain
2025-03-02 13:40:08,3.76,93,moderate rain
2025-03-02 13:50:00,3.76,93,light rain
2025-03-02 13:59:46,3.76,93,light rain
2025-03-02 14:31:54,2.76,93,moderate rain
2025-03-02 14:41:56,2.76,93,moderate rain
2025-03-02 14:51:56,2.76,93,moderate rain
2025-03-02 15:27:53,2.76,93,moderate rain
2025-03-02 15:40:37,2.76,93,moderate rain
2025-03-02 15:50:43,2.76,93,moderate rain
2025-03-02 16:36:07,2.76,93,moderate rain
2025-03-02 16:46:22,2.76,93,moderate rain
2025-03-02 16:56:30,2.76,93,moderate rain
2025-03-02 17:29:31,2.76,93,moderate rain
2025-03-02 17:39:13,2.76,93,moderate rain
2025-03-02 17:49:22,2.76,93,moderate rain
2025-03-02 17:59:07,1.76,100,light rain
2025-03-02 18:42:48,1.76,100,light rain
2025-03-02 18:52:37,1.76,100,moderate rain
2025-03-02 19:19:04,0.25,98,snow
2025-03-02 19:28:40,1.76,100,moderate rain
2025-03-02 19:38:36,1.76,100,moderate rain
2025-03-02 19:48:45,1.76,100,light rain
2025-03-02 19:58:32,1.76,100,moderate rain
2025-03-02 20:29:45,0.76,100,light rain
2025-03-02 20:42:03,0.76,100,light rain
2025-03-02 20:51:46,0.76,100,light rain
2025-03-02 21:25:07,0.76,100,snow
2025-03-02 21:36:56,0.76,100,snow
2025-03-02 21:47:01,0.76,100,snow
2025-03-02 21:56:47,0.76,100,snow
2025-03-02 22:32:43,0.76,100,light snow
2025-03-02 22:42:38,0.76,100,light snow
2025-03-02 22:52:20,0.76,100,overcast clouds
2025-03-02 23:25:40,1.76,93,broken clouds
2025-03-02 23:38:37,1.76,93,mist
2025-03-02 23:48:52,1.76,93,mist
2025-03-02 23:58:45,1.76,93,broken clouds
2025-03-03 03:02:24,4.76,65,clear sky
2025-03-03 03:46:39,5.76,56,clear sky
2025-03-03 03:56:32,5.76,56,clear sky
2025-03-03 04:39:55,6.76,57,clear sky
2025-03-03 04:50:32,6.76,57,clear sky
2025-03-03 05:00:17,6.76,57,clear sky
2025-03-03 05:37:02,6.76,57,clear sky
2025-03-03 05:46:53,6.76,57,clear sky
2025-03-03 05:56:39,6.76,57,clear sky
2025-03-03 06:47:29,5.76,52,clear sky
2025-03-03 06:57:10,5.76,52,clear sky
2025-03-03 07:29:02,4.76,52,clear sky
2025-03-03 07:39:43,4.76,52,clear sky
2025-03-03 07:49:55,4.76,52,clear sky
2025-03-03 07:59:42,4.76,52,clear sky
2025-03-03 08:41:35,4.76,52,clear sky
2025-03-03 08:52:39,4.76,52,clear sky
2025-03-03 09:33:51,3.76,52,clear sky
2025-03-03 09:44:16,3.76,52,clear sky
2025-03-03 09:54:21,3.76,52,clear sky
2025-03-03 10:40:21,2.76,56,clear sky
2025-03-03 10:50:19,2.76,56,clear sky
2025-03-03 11:00:14,2.76,56,clear sky
2025-03-03 11:26:39,1.76,55,clear sky
2025-03-03 11:39:29,1.76,55,clear sky
2025-03-03 11:49:27,1.76,55,clear sky
2025-03-03 11:59:18,1.76,55,clear sky
2025-03-03 13:16:04,0.72,52,overcast clouds
2025-03-03 13:42:37,1.76,51,clear sky
2025-03-03 13:52:22,1.76,51,clear sky
2025-03-03 14:37:44,1.76,48,clear sky
2025-03-03 14:48:20,1.76,48,clear sky
2025-03-03 14:58:27,1.76,48,clear sky
2025-03-03 15:35:40,1.76,51,clear sky
2025-03-03 15:45:30,1.76,51,clear sky
2025-03-03 15:55:35,1.76,51,clear sky
2025-03-03 16:43:15,1.76,55,clear sky
2025-03-03 16:55:48,1.76,55,clear sky
2025-03-03 17:32:09,1.76,51,clear sky
2025-03-03 17:42:29,1.76,51,clear sky
2025-03-03 17:52:20,1.76,51,light snow
2025-03-03 18:40:58,1.76,51,clear sky
2025-03-03 18:52:14,1.76,51,clear sky
2025-03-03 19:22:04,0.77,57,light snow
2025-03-03 19:36:43,1.76,55,clear sky
2025-03-03 19:46:35,1.76,55,clear sky
2025-03-03 19:56:31,1.76,55,clear sky
2025-03-03 20:32:50,1.76,55,clear sky
2025-03-03 20:45:35,1.76,55,snow
2025-03-03 20:55:34,1.76,55,clear sky
2025-03-03 21:30:08,1.76,55,clear sky
2025-03-03 21:43:35,1.76,55,clear sky
2025-03-03 21:53:27,1.76,55,clear sky
2025-03-03 22:34:32,2.76,52,moderate rain
2025-03-03 22:44:29,2.76,52,clear sky
2025-03-03 22:54:18,2.76,52,clear sky
2025-03-03 23:27:16,2.76,56,clear sky
2025-03-03 23:40:22,2.76,56,light rain
2025-03-03 23:50:15,2.76,56,light rain
2025-03-04 00:00:07,2.76,56,snow
2025-03-04 03:02:02,0.76,100,snow
2025-03-04 03:47:01,0.76,100,snow
2025-03-04 03:56:47,0.76,100,snow
2025-03-04 04:39:40,1.76,100,snow
2025-03-04 04:49:47,1.76,100,snow
2025-03-04 04:59:50,1.76,100,snow
2025-03-04 05:35:45,1.76,100,light rain
2025-03-04 05:46:00,1.76,100,light rain
2025-03-04 05:55:48,1.76,100,light rain
2025-03-04 06:45:36,2.76,87,light rain
2025-03-04 06:55:21,2.76,87,light rain
2025-03-04 07:28:28,2.76,93,light rain
2025-03-04 07:41:16,2.76,93,light rain
2025-03-04 07:51:29,2.76,93,broken clouds
2025-03-04 08:39:25,3.76,81,broken clouds
2025-03-04 08:52:43,3.76,81,broken clouds
2025-03-04 09:32:14,3.76,70,broken clouds
2025-03-04 09:43:44,3.76,70,broken clouds
2025-03-04 09:53:29,3.76,70,broken clouds
2025-03-04 10:40:20,2.76,81,broken clouds
2025-03-04 10:50:11,2.76,81,broken clouds
2025-03-04 11:00:14,2.76,81,broken clouds
2025-03-04 11:26:16,2.27,66,overcast clouds
2025-03-04 11:39:41,1.76,87,broken clouds
2025-03-04 11:49:50,1.76,87,broken clouds
2025-03-04 11:59:41,1.76,87,broken clouds
2025-03-04 13:15:22,1.76,87,clear sky
2025-03-04 13:42:32,1.76,80,clear sky
2025-03-04 13:52:40,1.76,80,clear sky
2025-03-04 14:37:38,1.76,75,clear sky
2025-03-04 14:47:44,1.76,75,clear sky
2025-03-04 14:57:43,1.76,75,snow
2025-03-04 15:37:08,1.76,75,light snow
2025-03-04 15:47:15,1.76,75,clear sky
2025-03-04 15:57:13,1.76,75,light snow
2025-03-04 16:46:32,1.01,72,overcast clouds
2025-03-04 16:56:42,1.76,75,clear sky
2025-03-04 17:32:16,1.76,75,clear sky
2025-03-04 17:41:58,1.76,75,clear sky
2025-03-04 17:52:04,1.76,75,clear sky
2025-03-04 18:45:10,1.76,75,clear sky
2025-03-04 18:54:48,1.76,75,clear sky
2025-03-04 19:22:27,1.15,76,overcast clouds
2025-03-04 19:36:53,1.76,75,clear sky
2025-03-04 19:47:06,1.76,75,clear sky
2025-03-04 19:56:51,1.76,75,clear sky
2025-03-04 20:32:09,1.76,75,clear sky
2025-03-04 20:43:13,1.76,75,clear sky
2025-03-04 20:53:33,1.76,75,light snow
2025-03-04 21:28:09,1.76,75,clear sky
2025-03-04 21:39:59,1.76,75,clear sky
2025-03-04 21:50:08,1.76,75,light snow
2025-03-04 21:59:53,1.76,75,snow
2025-03-04 22:33:42,1.76,75,snow
2025-03-04 22:43:30,1.76,75,clear sky
2025-03-04 22:53:15,1.76,75,light snow
2025-03-04 23:27:15,1.76,75,clear sky
2025-03-04 23:39:45,1.76,75,clear sky
2025-03-04 23:49:39,1.76,75,clear sky
2025-03-04 23:59:30,1.76,75,clear sky
2025-03-05 03:00:34,4.76,65,clear sky
2025-03-05 03:44:21,4.76,65,clear sky
2025-03-05 03:54:04,4.76,65,clear sky
2025-03-05 04:38:10,5.76,65,clear sky
2025-03-05 04:49:37,5.76,65,clear sky
2025-03-05 04:59:25,5.76,65,clear sky
2025-03-05 05:37:16,6.76,61,clear sky
2025-03-05 05:47:37,6.76,61,clear sky
2025-03-05 05:57:52,6.76,61,clear sky
2025-03-05 06:46:25,7.76,57,broken clouds
2025-03-05 06:56:08,7.76,57,broken clouds
2025-03-05 07:29:46,7.76,57,broken clouds
2025-03-05 07:42:14,7.76,57,broken clouds
2025-03-05 07:52:09,7.73,39,overcast clouds
2025-03-05 08:40:54,7.76,57,clear sky
2025-03-05 08:53:14,7.76,57,clear sky
2025-03-05 09:32:19,6.76,61,clear sky
2025-03-05 09:43:07,6.76,61,clear sky
2025-03-05 09:53:12,6.76,61,clear sky
2025-03-05 10:39:13,4.76,65,few clouds
2025-03-05 10:49:01,4.76,65,few clouds
2025-03-05 10:59:09,4.76,65,few clouds
2025-03-05 11:25:51,6.22,46,overcast clouds
2025-03-05 11:39:18,3.76,75,few clouds
2025-03-05 11:49:18,3.76,75,few clouds
2025-03-05 11:59:24,3.76,75,few clouds
2025-03-05 13:15:56,4.88,48,clear sky
2025-03-05 13:42:08,1.76,93,clear sky
2025-03-05 13:52:18,1.76,93,clear sky
2025-03-05 14:37:15,1.76,87,clear sky
2025-03-05 14:47:23,1.76,87,clear sky
2025-03-05 14:57:12,1.76,87,clear sky
2025-03-05 15:33:19,0.76,80,clear sky
2025-03-05 15:45:03,0.76,80,clear sky
2025-03-05 15:54:56,0.76,80,clear sky
2025-03-05 16:52:53,-0.24,80,clear sky
2025-03-05 17:32:17,-1.24,93,clear sky
2025-03-05 17:42:20,-1.24,93,clear sky
2025-03-05 17:52:30,-1.24,93,clear sky
2025-03-05 18:46:03,-2.24,93,clear sky
2025-03-05 18:55:49,-2.24,93,clear sky
2025-03-05 19:23:36,1.97,53,clear sky
2025-03-05 19:39:20,-2.24,86,clear sky
2025-03-05 19:49:25,-2.24,86,clear sky
2025-03-05 19:59:20,-2.24,86,clear sky
2025-03-05 20:34:39,-1.24,80,clear sky
2025-03-05 20:45:25,-1.24,80,clear sky
2025-03-05 20:55:36,-1.24,80,clear sky
2025-03-05 21:28:39,1.39,56,clear sky
2025-03-05 21:40:13,-3.24,86,clear sky
2025-03-05 21:50:31,-3.24,86,clear sky
2025-03-05 22:33:46,-1.24,86,clear sky
2025-03-05 22:44:00,-1.24,86,clear sky
2025-03-05 22:54:03,-1.24,86,clear sky
2025-03-05 23:29:33,-0.24,80,clear sky
2025-03-05 23:41:20,-0.24,80,clear sky
2025-03-05 23:51:20,-0.24,80,clear sky
2025-03-06 02:59:59,5.76,56,clear sky
2025-03-06 03:45:35,6.76,53,clear sky
2025-03-06 03:55:25,6.76,53,clear sky
2025-03-06 04:40:15,7.76,46,clear sky
2025-03-06 04:51:43,7.76,46,clear sky
2025-03-06 05:33:11,8.76,40,clear sky
2025-03-06 05:45:34,8.76,40,clear sky
2025-03-06 05:55:41,8.76,40,clear sky
2025-03-06 06:45:44,8.76,40,clear sky
2025-03-06 06:55:28,8.76,40,clear sky
2025-03-06 07:17:32,8.5,31,clear sky
2025-03-06 07:31:22,9.76,37,clear sky
2025-03-06 07:42:47,9.76,37,clear sky
2025-03-06 07:52:34,9.76,37,clear sky
2025-03-06 08:15:11,8.76,40,clear sky
2025-03-06 08:37:49,8.76,40,clear sky
2025-03-06 08:51:27,8.76,40,clear sky
2025-03-06 09:09:56,6.76,53,clear sky
2025-03-06 09:29:44,6.76,53,clear sky
2025-03-06 09:42:32,6.76,53,clear sky
2025-03-06 09:52:42,6.76,53,clear sky
2025-03-06 10:12:50,6.76,53,clear sky
2025-03-06 10:36:42,5.76,45,clear sky
2025-03-06 10:47:56,5.76,45,clear sky
2025-03-06 10:58:03,5.76,45,clear sky
2025-03-06 11:18:25,4.76,45,clear sky
2025-03-06 11:28:32,4.76,45,clear sky
2025-03-06 11:39:46,4.76,45,clear sky
2025-03-06 11:49:55,4.76,45,clear sky
2025-03-06 12:00:09,4.76,45,clear sky
2025-03-06 12:49:26,2.76,52,clear sky
2025-03-06 13:15:57,2.76,52,clear sky
2025-03-06 13:36:42,2.76,52,clear sky
2025-03-06 13:46:42,2.76,52,clear sky
2025-03-06 13:56:28,2.76,52,clear sky
2025-03-06 14:18:35,4.67,36,clear sky
2025-03-06 14:37:48,-0.24,64,clear sky
2025-03-06 14:47:39,-0.24,64,clear sky
2025-03-06 14:57:24,-0.24,64,clear sky
2025-03-06 15:23:06,0.76,60,clear sky
2025-03-06 15:38:17,0.76,60,clear sky
2025-03-06 15:48:22,3.49,41,clear sky
2025-03-06 15:58:15,0.76,60,clear sky
2025-03-06 16:29:31,-1.24,74,clear sky
2025-03-06 16:47:27,-1.24,74,clear sky
2025-03-06 16:57:15,-1.24,74,clear sky
2025-03-06 17:18:47,3.24,42,clear sky
2025-03-06 17:34:08,-2.24,86,clear sky
2025-03-06 17:44:13,-2.24,86,clear sky
2025-03-06 17:54:02,-2.24,86,clear sky
2025-03-06 18:19:29,2.95,42,clear sky
2025-03-06 18:41:47,-2.24,86,clear sky
2025-03-06 18:52:15,-2.24,86,clear sky
2025-03-06 19:08:19,2.76,40,clear sky
2025-03-06 19:22:26,2.76,40,clear sky
2025-03-06 19:33:31,2.76,40,clear sky
2025-03-06 19:43:36,-3.24,86,mist
2025-03-06 19:53:24,-3.24,86,mist
2025-03-06 20:14:19,2.43,40,clear sky
2025-03-06 20:31:50,-2.24,86,clear sky
2025-03-06 20:43:05,-2.24,86,mist
2025-03-06 20:52:52,-2.24,86,mist
2025-03-06 21:11:38,-2.24,86,mist
2025-03-06 21:27:57,-3.24,93,mist
2025-03-06 21:39:12,-3.24,93,mist
2025-03-06 21:49:11,-3.24,93,mist
2025-03-06 21:58:55,-3.24,93,mist
2025-03-06 22:23:16,-2.24,93,clear sky
